id,image
1,1_PSP_007561_1290_RED_24381_4440.jpg
2,2_PSP_007596_1295_RED_48285_3767.jpg
6,6_PSP_009212_1640_RED_18452_9701.jpg
8,8_PSP_007879_1725_RED_26194_9440.jpg
10,10_PSP_007496_1735_RED_20417_12039.jpg
11,11_PSP_007036_1765_RED_43601_11051.jpg
12,12_PSP_009185_1770_RED_20801_9678.jpg
13,13_PSP_005666_1790_RED_23482_10752.jpg
14,14_PSP_002764_1800_RED_21049_5330.jpg
16,16_PSP_004728_1805_RED_9586_10863.jpg
18,18_PSP_003754_1815_RED_32262_9534.jpg
20,20_PSP_005942_1825_RED_9338_11652.jpg
21,21_PSP_009305_1830_RED_22955_9637.jpg
22,22_PSP_010147_1830_RED_16969_9722.jpg
26,26_PSP_003674_1855_RED_11902_10596.jpg
28,28_PSP_007378_1860_RED_33422_12125.jpg
30,30_ESP_011618_1885_RED_14491_8052.jpg
31,31_PSP_007246_1890_RED_21802_11227.jpg
32,32_PSP_007009_1905_RED_36601_11838.jpg
33,33_PSP_008300_1905_RED_29163_8886.jpg
35,35_PSP_007773_1930_RED_32705_9971.jpg
37,37_PSP_003925_1940_RED_19827_11179.jpg
38,38_PSP_007272_1945_RED_29477_9546.jpg
39,39_PSP_006629_1955_RED_12759_14983.jpg
49,49_PSP_008045_2020_RED_38474_9183.jpg
53,53_PSP_004175_2060_RED_19203_10588.jpg
58,58_PSP_003602_2085_RED_18377_11128.jpg
61,61_PSP_008236_2180_RED_22850_9119.jpg
62,62_PSP_008015_2205_RED_31166_8933.jpg
63,63_PSP_010084_2235_RED_18274_9015.jpg
64,64_PSP_009978_2265_RED_25717_9464.jpg
69,69_ESP_011368_1860_RED_43797_9044.jpg
70,70_ESP_011295_2205_RED_22703_9236.jpg
72,72_PSP_010331_1755_RED_13418_9939.jpg
73,73_PSP_010528_1770_RED_15175_9919.jpg
74,74_PSP_010635_1780_RED_16455_9824.jpg
75,75_PSP_010319_1780_RED_13920_9719.jpg
76,76_PSP_010292_1785_RED_13658_3980.jpg
77,77_PSP_010200_1805_RED_14579_9547.jpg
79,79_PSP_010862_1880_RED_21106_3587.jpg
80,80_PSP_010621_1960_RED_22453_9597.jpg
83,83_PSP_010634_2135_RED_18362_9164.jpg
84,84_PSP_010547_2195_RED_17608_9150.jpg
85,85_PSP_010585_2255_RED_15749_9051.jpg
89,89_ESP_013161_1715_RED_11389_4496.jpg
90,90_ESP_012047_1755_RED_10401_10415.jpg
91,91_ESP_012441_1775_RED_13630_6393.jpg
92,92_PSP_010255_1700_RED_14962_9805.jpg
93,93_ESP_011584_1785_RED_15866_8353.jpg
94,94_ESP_011698_1810_RED_16302_10224.jpg
95,95_ESP_011610_1825_RED_17066_8414.jpg
97,97_ESP_013287_1845_RED_23251_10087.jpg
100,100_ESP_012588_1855_RED_15690_9971.jpg
103,103_ESP_011623_2100_RED_12431_9543.jpg
104,104_ESP_011716_2100_RED_14722_9679.jpg
105,105_ESP_011781_2100_RED_12549_9680.jpg
108,108_ESP_011491_2090_RED_23147_9078.jpg
113,113_ESP_016149_1905_RED_19857_9996.jpg
114,114_ESP_013788_1910_RED_14311_4725.jpg
115,115_ESP_013590_1625_RED_10538_11083.jpg
116,116_ESP_018561_1710_RED_15332_10479.jpg
117,117_ESP_013893_1755_RED_13138_5079.jpg
118,118_ESP_013629_1740_RED_10012_11138.jpg
119,119_ESP_014143_1950_RED_9779_4817.jpg
120,120_ESP_015989_1835_RED_17669_10537.jpg
121,121_ESP_013800_1820_RED_14576_5080.jpg
122,122_ESP_013655_1710_RED_10248_11069.jpg
124,124_ESP_016648_1665_RED_14809_3966.jpg
125,125_ESP_013694_2060_RED_18517_10613.jpg
126,126_ESP_016239_2060_RED_20976_9937.jpg
128,128_ESP_013707_1915_RED_12589_10869.jpg
130,130_ESP_016331_1730_RED_31100_10269.jpg
131,131_ESP_014010_1800_RED_12145_11529.jpg
135,135_ESP_013640_2055_RED_12313_10455.jpg
138,138_ESP_016115_2010_RED_19575_9833.jpg
140,140_ESP_016133_1825_RED_18035_9993.jpg
141,141_ESP_016161_1755_RED_17831_10253.jpg
143,143_ESP_016200_1740_RED_18567_10161.jpg
147,147_ESP_016344_1825_RED_31745_10341.jpg
149,149_ESP_016557_2240_RED_29549_9424.jpg
151,151_ESP_016582_1760_RED_17037_10211.jpg
154,154_ESP_016660_1860_RED_16332_9987.jpg
156,156_ESP_016793_1855_RED_23046_10410.jpg
158,158_ESP_016954_2245_RED_26265_9412.jpg
159,159_ESP_016919_2130_RED_40955_9713.jpg
160,160_ESP_016994_2245_RED_23979_9588.jpg
162,162_ESP_017025_1515_RED_29075_10732.jpg
163,163_ESP_017030_1755_RED_23513_10534.jpg
164,164_ESP_017038_1790_RED_31727_10555.jpg
165,165_ESP_017097_1780_RED_30281_10401.jpg
167,167_ESP_017328_2055_RED_22549_9884.jpg
174,174_ESP_017425_2045_RED_18638_9735.jpg
177,177_ESP_017481_2110_RED_19636_11217.jpg
178,178_ESP_017492_1890_RED_24106_10179.jpg
181,181_ESP_017658_1830_RED_34291_10540.jpg
182,182_ESP_017566_2025_RED_34573_10107.jpg
183,183_ESP_017789_2335_RED_25121_9385.jpg
186,186_ESP_017803_2080_RED_24127_9750.jpg
187,187_ESP_017808_1755_RED_18259_10681.jpg
188,188_ESP_017821_1820_RED_20929_10629.jpg
189,189_ESP_017926_2310_RED_18446_9410.jpg
190,190_ESP_017927_1875_RED_11970_10417.jpg
192,192_ESP_017991_2195_RED_18037_9729.jpg
193,193_ESP_018019_1735_RED_16075_4926.jpg
194,194_ESP_018032_1770_RED_15485_4510.jpg
195,195_ESP_018045_1760_RED_15458_10576.jpg
196,196_ESP_018125_2445_RED_15687_9664.jpg
198,198_ESP_018097_2190_RED_17103_9736.jpg
200,200_ESP_018217_1645_RED_12017_10989.jpg
201,201_ESP_018404_1775_RED_21480_10655.jpg
203,203_ESP_018493_1925_RED_11975_10009.jpg
204,204_ESP_018586_1735_RED_11648_10536.jpg
206,206_ESP_018707_2205_RED_13820_9450.jpg
207,207_ESP_018731_1770_RED_9429_10461.jpg
208,208_ESP_018746_2350_RED_11964_9848.jpg
209,209_ESP_018784_2050_RED_14450_10011.jpg
210,210_ESP_018800_2040_RED_18296_9862.jpg
211,211_ESP_018854_2270_RED_18719_9354.jpg
214,214_ESP_019165_2165_RED_23225_9375.jpg
215,215_ESP_019195_2175_RED_13027_9109.jpg
216,216_ESP_019287_2295_RED_13922_10347.jpg
217,217_ESP_019707_2075_RED_15435_9966.jpg
221,221_ESP_019983_1800_RED_20668_10599.jpg
224,224_ESP_020787_1805_RED_16232_10216.jpg
228,228_ESP_020853_1815_RED_10369_4093.jpg
231,231_ESP_020869_1990_RED_13469_3978.jpg
232,232_ESP_020920_1855_RED_11635_4000.jpg
233,233_ESP_020947_1840_RED_14072_4159.jpg
234,234_ESP_020960_1895_RED_12986_6294.jpg
237,237_ESP_021883_1890_RED_25820_10156.jpg
239,239_ESP_022056_1925_RED_15496_10248.jpg
240,240_ESP_022279_1690_RED_17150_10441.jpg
241,241_ESP_022299_2040_RED_17162_8924.jpg
242,242_ESP_022536_1830_RED_13295_10548.jpg
244,244_ESP_022912_1720_RED_14488_10450.jpg
246,246_ESP_023108_1870_RED_16011_10183.jpg
247,247_ESP_023363_1735_RED_12550_10658.jpg
249,249_ESP_023426_1835_RED_13426_9944.jpg
250,250_ESP_023571_1835_RED_20722_10587.jpg
251,251_ESP_026589_2045_RED_20559_10074.jpg
253,253_ESP_025732_1875_RED_13888_9200.jpg
254,254_ESP_024203_1795_RED_13527_10678.jpg
255,255_ESP_024211_2060_RED_15934_10349.jpg
258,258_ESP_024646_1890_RED_9389_10067.jpg
259,259_ESP_024836_1975_RED_19452_10256.jpg
260,260_ESP_025642_2310_RED_23460_9323.jpg
261,261_ESP_025840_2240_RED_17250_8329.jpg
263,263_ESP_026009_1920_RED_12279_10349.jpg
266,266_ESP_026248_2280_RED_8524_9293.jpg
269,269_ESP_026418_2010_RED_17427_10024.jpg
270,270_ESP_026445_1835_RED_14625_8370.jpg
271,271_ESP_026802_2305_RED_23623_8426.jpg
273,273_ESP_017229_2110_RED_18962_9669.jpg
274,274_ESP_026989_2205_RED_28487_8388.jpg
275,275_ESP_027000_2325_RED_20318_7152.jpg
277,277_ESP_026893_1995_RED_23180_8226.jpg
278,278_ESP_026934_1715_RED_16156_8692.jpg
279,279_ESP_026960_1710_RED_16852_8400.jpg
280,280_ESP_026999_1985_RED_33261_8235.jpg
281,281_ESP_027077_1785_RED_12132_8516.jpg
282,282_ESP_027080_1715_RED_15085_8461.jpg
283,283_ESP_030243_1985_RED_22615_7764.jpg
284,284_ESP_027316_1810_RED_21372_8535.jpg
286,286_ESP_027975_1835_RED_20595_8229.jpg
287,287_ESP_028000_2070_RED_16129_8450.jpg
288,288_ESP_028633_2070_RED_15321_8107.jpg
290,290_ESP_028976_1770_RED_18754_8303.jpg
292,292_ESP_029015_1705_RED_17985_8513.jpg
293,293_ESP_029256_2195_RED_22756_12269.jpg
294,294_ESP_029386_1760_RED_12612_8636.jpg
299,299_ESP_030566_1860_RED_22370_9255.jpg
302,302_ESP_030929_1715_RED_11481_8621.jpg
303,303_ESP_031101_1685_RED_14760_8635.jpg
304,304_ESP_031248_1700_RED_7338_9939.jpg
305,305_ESP_031886_1785_RED_24654_8616.jpg
306,306_ESP_031912_1900_RED_17989_8126.jpg
307,307_ESP_031965_2050_RED_13633_8266.jpg
309,309_ESP_032039_1705_RED_12909_8608.jpg
310,310_ESP_032053_2010_RED_14255_8595.jpg
311,311_ESP_032118_1085_RED_12170_9731.jpg
312,312_ESP_032106_1055_RED_13251_9121.jpg
314,314_ESP_032340_1060_RED_12959_9163.jpg
315,315_ESP_032458_1780_RED_12029_8672.jpg
317,317_ESP_032577_1920_RED_10680_8692.jpg
318,318_ESP_033078_1955_RED_23567_8690.jpg
319,319_ESP_033091_1885_RED_20897_8286.jpg
320,320_ESP_033093_1605_RED_17859_9201.jpg
321,321_ESP_033144_1895_RED_18702_8642.jpg
322,322_ESP_033233_1740_RED_12815_8459.jpg
323,323_ESP_033236_1995_RED_13968_8345.jpg
324,324_ESP_033237_1855_RED_13068_8471.jpg
325,325_ESP_033256_1730_RED_12505_8551.jpg
326,326_ESP_033288_2120_RED_15946_6428.jpg
327,327_ESP_033302_2030_RED_16264_6178.jpg
328,328_ESP_033316_1805_RED_12817_6081.jpg
329,329_ESP_033319_2015_RED_14952_6215.jpg
331,331_ESP_033342_2060_RED_16256_6485.jpg
332,332_ESP_033381_1830_RED_16307_7845.jpg
334,334_ESP_033494_1900_RED_16520_8539.jpg
335,335_ESP_033526_1840_RED_16689_8374.jpg
336,336_ESP_033659_1905_RED_16365_8259.jpg
337,337_ESP_033606_2210_RED_19483_8418.jpg
339,339_ESP_033552_2060_RED_18209_8355.jpg
340,340_ESP_033693_1825_RED_15496_8535.jpg
341,341_ESP_033705_1900_RED_16843_8392.jpg
343,343_ESP_033723_1895_RED_11824_8535.jpg
344,344_ESP_033724_1995_RED_11973_8325.jpg
351,351_ESP_033816_2035_RED_13131_4338.jpg
354,354_ESP_033855_1855_RED_10409_4759.jpg
355,355_ESP_033870_1625_RED_8900_4863.jpg
356,356_ESP_033923_2190_RED_13554_2500.jpg
357,357_ESP_033949_1850_RED_12853_2666.jpg
358,358_ESP_033954_2035_RED_13375_2307.jpg
360,360_ESP_033976_2255_RED_15812_2677.jpg
362,362_ESP_033990_1995_RED_23826_8625.jpg
363,363_ESP_034001_2045_RED_11579_8718.jpg
365,365_ESP_034014_1840_RED_8476_8666.jpg
366,366_ESP_034022_2090_RED_10141_8609.jpg
367,367_ESP_034116_1610_RED_18144_8721.jpg
368,368_ESP_034133_1930_RED_19665_6397.jpg
371,371_ESP_034259_2040_RED_14786_8770.jpg
372,372_ESP_034265_1845_RED_13330_8608.jpg
374,374_ESP_034272_1945_RED_12761_8729.jpg
375,375_ESP_034273_2070_RED_14199_8472.jpg
379,379_ESP_034304_2115_RED_15364_8552.jpg
380,380_ESP_034319_1625_RED_11998_8885.jpg
382,382_ESP_034343_1765_RED_12868_8872.jpg
383,383_ESP_034344_2040_RED_15263_8585.jpg
385,385_ESP_034372_1665_RED_11958_9218.jpg
396,396_ESP_034778_2010_RED_18960_8194.jpg
397,397_ESP_034687_1915_RED_14032_8862.jpg
398,398_ESP_035209_2195_RED_29172_7956.jpg
400,400_ESP_034875_1740_RED_14889_8629.jpg
404,404_ESP_034923_2060_RED_17926_8199.jpg
410,410_ESP_035214_1985_RED_21823_8327.jpg
413,413_ESP_035319_1815_RED_18688_8611.jpg
414,414_ESP_035345_1740_RED_15137_8573.jpg
416,416_ESP_035399_2050_RED_44810_8075.jpg
417,417_ESP_035426_1785_RED_20837_8358.jpg
418,418_ESP_035437_1800_RED_21844_8358.jpg
419,419_ESP_035438_2075_RED_25125_8349.jpg
420,420_ESP_035446_1925_RED_18735_8291.jpg
429,429_ESP_035623_1905_RED_12630_8640.jpg
430,430_ESP_035677_1650_RED_21242_8677.jpg
431,431_ESP_035682_1745_RED_14060_8594.jpg
434,434_ESP_034238_2025_RED_22935_1604.jpg
435,435_ESP_035201_2310_RED_6791_1309.jpg
439,439_ESP_035354_1855_RED_14262_9575.jpg
444,444_ESP_034358_1645_RED_11828_9054.jpg
469,469_ESP_036703_2030_RED_19326_8262.jpg
470,470_ESP_036771_1605_RED_18568_8784.jpg
471,471_ESP_036836_2360_RED_16322_8675.jpg
472,472_ESP_036792_1930_RED_15939_8510.jpg
481,481_ESP_037121_2075_RED_18328_8139.jpg
488,488_ESP_037341_1935_RED_27949_8463.jpg
490,490_ESP_037354_1950_RED_26950_8392.jpg
492,492_ESP_037420_1830_RED_15701_8178.jpg
509,509_ESP_039329_1830_RED_13851_9361.jpg
523,523_ESP_039197_1925_RED_14531_8577.jpg
525,525_ESP_039211_1630_RED_12267_8841.jpg
527,527_ESP_037799_1575_RED_45637_14953.jpg
528,528_ESP_038985_2005_RED_13741_8923.jpg
530,530_ESP_039148_1980_RED_15270_8192.jpg
531,531_ESP_039243_1850_RED_16830_8633.jpg
532,532_ESP_039335_1835_RED_13786_8616.jpg
533,533_ESP_039521_1790_RED_14358_8779.jpg
534,534_ESP_039553_2050_RED_11922_8823.jpg
535,535_ESP_039574_1995_RED_5151_9644.jpg
537,537_ESP_039861_1225_RED_13606_8957.jpg
538,538_ESP_039946_1150_RED_14117_9102.jpg
539,539_ESP_039864_1905_RED_19914_8564.jpg
542,542_ESP_041141_1755_RED_13068_8209.jpg
543,543_ESP_041208_1755_RED_13403_8298.jpg
544,544_ESP_041953_1885_RED_10068_8478.jpg
545,545_ESP_041874_1960_RED_13461_8380.jpg
546,546_ESP_041952_1985_RED_10275_8343.jpg
548,548_ESP_041913_1910_RED_10267_8469.jpg
551,551_ESP_042757_2030_RED_8815_9060.jpg
552,552_ESP_042103_2175_RED_14999_8581.jpg
555,555_ESP_042461_2150_RED_17219_8673.jpg
558,558_ESP_043173_2145_RED_12016_8323.jpg
559,559_ESP_043196_1980_RED_10254_8411.jpg
560,560_ESP_043262_1940_RED_13097_8319.jpg
561,561_ESP_043406_2235_RED_14399_8628.jpg
562,562_ESP_043605_1845_RED_11727_8635.jpg
564,564_ESP_043853_2200_RED_16580_8206.jpg
566,566_ESP_043606_2175_RED_16732_8522.jpg
567,567_ESP_043648_1865_RED_11656_8816.jpg
568,568_ESP_043776_1985_RED_15779_8034.jpg
571,571_ESP_043310_2065_RED_2782_4952.jpg
573,573_ESP_044341_1610_RED_11997_8618.jpg
576,576_ESP_044875_1650_RED_14176_8455.jpg
577,577_ESP_044887_1735_RED_14877_8265.jpg
581,581_ESP_044655_1730_RED_26136_8437.jpg
582,582_ESP_044696_2145_RED_21322_8365.jpg
583,583_ESP_044698_2245_RED_23459_8303.jpg
585,585_ESP_044730_2025_RED_12981_8089.jpg
587,587_ESP_044862_2145_RED_13415_7996.jpg
589,589_ESP_045098_2175_RED_16530_8219.jpg
592,592_ESP_044915_1715_RED_12876_8348.jpg
593,593_ESP_044992_2555_RED_15940_8446.jpg
594,594_ESP_045020_1935_RED_15663_8443.jpg
595,595_ESP_045473_2080_RED_25418_8183.jpg
600,600_ESP_045231_1615_RED_11937_8575.jpg
601,601_ESP_045236_1865_RED_14389_8302.jpg
604,604_ESP_045543_2250_RED_5984_3740.jpg
608,608_ESP_045539_2350_RED_10993_8472.jpg
609,609_ESP_045547_1870_RED_9208_8347.jpg
